price_open_usd,price_close_usd,price_high_usd,price_low_usd,price_avg_usd,volume_usd,market_cap_usd
0.021266608853953577,0.021283886010415535,0.021362772909947463,0.021150821689026926,0.021248959618305873,122858596.45892692,2474186021.878248
0.021283886010415535,0.021301259560497096,0.022177264785040198,0.0211185728616622,0.02129989334385171,103495582.88635851,2602033184.888566
0.021301259560497096,0.021043348189474214,0.02135467250428654,0.021043348189474214,0.021220609644125123,46627021.8569183,2668949208.0332017
0.021043348189474214,0.021270769231316725,0.021488261377446687,0.021043348189474214,0.021249962929982255,97911388.01273078,2564807011.445569
0.021270769231316725,0.021316352799971894,0.021384989281503543,0.02107387576812293,0.021271964293950493,33703001.30430967,2510891902.929845
0.021316352799971894,0.021280170891847656,0.021518209039812424,0.02113678781776513,0.021269679781580786,21171136.804030698,2494126902.0538
0.021280170891847656,0.021203095795149864,0.021690287120287643,0.021063065827922178,0.02121865619211888,44649345.548427895,2482650244.321832
0.021203095795149864,0.021188502198350393,0.02131976705439247,0.021123458247424908,0.021214209872716112,79164294.98830163,2595873352.3294735
0.021188502198350393,0.021323301006206646,0.021323301006206646,0.021143165963758648,0.02122350835692513,23966301.959565,2571534702.7960567
0.021323301006206646,0.02100617258389382,0.021445786719653116,0.02100617258389382,0.021240484272461467,9767575.48817179,2555329369.3010535
0.021149800189144384,0.0212160279451089,0.02135321781451084,0.02098388111185387,0.021225275353101106,33276876.486417692,2588548079.632629
0.0212160279451089,0.02113723490841451,0.02140949991383431,0.02103611490381249,0.0212476828505221,14569208.901367953,2615208590.4771495
0.02113723490841451,0.021269503060977406,0.02221845443227833,0.02113723490841451,0.02135217262118049,21158483.14602572,2653832185.2298007
0.021269503060977406,0.02118554644371683,0.02168514987130548,0.021162732310262698,0.021296729941206502,22216227.61889548,2676730748.9503055
0.02118554644371683,0.021443694876809773,0.021443694876809773,0.02114444153075559,0.021285641864915505,16657094.198255552,2665169432.619629
0.021443694876809773,0.02142051433683167,0.02145453807178296,0.021068994200716448,0.02131346253603914,71551670.54935287,2704987756.5769014
0.02142051433683167,0.021458784728921213,0.021986615828790947,0.02120627354590345,0.0213579169375074,67330326.28949842,2680673222.9511557
0.021458784728921213,0.021182528109683137,0.021476563578900095,0.021182528109683137,0.0213368338394607,22048156.752929874,2636247704.4054465
0.021182528109683137,0.021322874827800677,0.021405176581044457,0.02113693320672894,0.021324667129723848,7409211.797651077,2630770536.9460244
0.021322874827800677,0.02139960169119789,0.021428867278951755,0.021176705688670142,0.021346791934892098,11864029.255654907,2634155708.367574
0.02139960169119789,0.02126528154640311,0.02146126469834119,0.020968947748037578,0.021319826706389957,8397032.43998538,2628379744.6415887
0.02126528154640311,0.02132790229663409,0.021394884000473194,0.021179994743397112,0.021305139855797368,5179409.385093152,2627373315.3392315
0.02132790229663409,0.02136321898216104,0.021416109196690278,0.021217243780624465,0.021286297044992922,3254688.84905078,2625937695.2042565
0.02136321898216104,0.02122660043349897,0.02145407010063433,0.02116850590796648,0.021287548693579888,13204174.113948565,2640121467.9176207
0.02122660043349897,0.021217883151067304,0.021369740310089924,0.021104258165499778,0.021282840030894985,15218134.771411212,2647380554.067124
0.021217883151067304,0.021382141837369827,0.021399572327406982,0.02121383344975281,0.0212887231404549,15968578.793270392,2628571388.2155514
0.021382141837369827,0.021321211711178054,0.0213846801307835,0.021239959912231425,0.021303731057315207,12782450.170214258,2632975697.813775
0.021321211711178054,0.02133612308128777,0.02135724851141001,0.021142826041816727,0.021278983783272625,23422557.110025357,2602946516.6728992
0.02133612308128777,0.021287305741559497,0.021343532286426475,0.02112190865648612,0.02128292044423542,25062168.780635297,2628399920.1434093
0.021287305741559497,0.02132615769701722,0.021347918936780584,0.021227605479230856,0.021294903381817037,8029763.68084661,2643257378.4459286
0.02132615769701722,0.021282353721196953,0.02148273923338858,0.021004563440312013,0.02126763593793984,5357660.66054842,2644457604.2222815
0.021282353721196953,0.021310155775087058,0.021373136064012404,0.021230266150701765,0.021294640342336826,17084482.81747178,2656548407.4916673
0.021310155775087058,0.02132811671138029,0.022394877365854816,0.02123296054439908,0.02135511811309003,131222733.44179948,2795880405.922554
0.02132811671138029,0.021305059955522277,0.021372369919688588,0.021226311032774538,0.02130929572277846,149709000.233813,3003158730.844103
0.021307257425889233,0.021321648502464836,0.021392134003752138,0.02125145117733544,0.02132597644951781,16466609.38122281,3023049537.885265
0.021321648502464836,0.021318380705149364,0.02153433853662199,0.021252539070772687,0.021332052953371337,157087493.2833506,3185291347.5317707
0.021318380705149364,0.021321118690998134,0.021414119379555775,0.021264007666846232,0.021333743817405146,132493102.59986088,3372727181.0145216
0.021321118690998134,0.021332457434376978,0.021463351319865143,0.021200979627822723,0.021327578335549244,50105334.939095154,3424993094.4816036
0.021332457434376978,0.0213389443256792,0.021370286138694506,0.021256141450170817,0.021323735916980367,14584436.222483244,3412598157.8158717
0.0213389443256792,0.02134317737114127,0.021394018150447856,0.02122112558786813,0.02132790609852532,18176367.632582255,3401720723.890563
0.02134317737114127,0.021369917040328316,0.02227451740486356,0.021283555453357417,0.021367444122645064,26614809.86427204,3426594274.8542004
0.021369917040328316,0.02135301913927102,0.021515007018632657,0.02123769764272519,0.021341168460943475,12663709.944138907,3414846670.1809816
0.02135301913927102,0.021290266399756494,0.021424225556250946,0.02113646291319008,0.021334597993573512,28884252.495770033,3443881074.1074467
0.021290266399756494,0.021346818031313032,0.021401426995335232,0.02121817696320387,0.0213249001651548,89141397.89887534,3357676070.0617223
0.021346818031313032,0.021383850010770783,0.021471390762253104,0.021152409986240676,0.02135024069120914,46304387.38595286,3410609454.445766
0.021383850010770783,0.021341389286045342,0.0214298581727127,0.021331299993405644,0.021375430660261506,50394405.532903284,3481213651.6350203
0.021341389286045342,0.021370783783329423,0.02145913201395271,0.021296376957252623,0.02136135094129999,41590206.30031203,3541944851.1917953
0.021370783783329423,0.02139671337315234,0.021474244659651302,0.021284532406142965,0.0213588705364524,15565083.231851637,3551383450.735811
0.02139671337315234,0.02134330518184597,0.02161717398263672,0.021231205208222068,0.021388894720680247,78459485.9997479,3638894680.1374264
0.02134330518184597,0.021292659312880564,0.021438998542466954,0.02123308500136403,0.021362893166080282,707571304.2827246,2855675453.642129
0.021292659312880564,0.02139463847380624,0.021521054962661074,0.020967224510035545,0.0213216464613623,18316391.143422,2824496725.109414
0.02139463847380624,0.021441725255460564,0.02152265159369334,0.02116240610968448,0.021350327109261283,92855381.75375551,2922196189.636317
0.021441725255460564,0.02139869631820993,0.021620739130622717,0.021202153940648897,0.02139608203257188,68425117.05407807,3031925581.738343
0.02139869631820993,0.021432524627071278,0.02173308400509653,0.02114127211853566,0.02143009358427668,57062221.62543997,3096512704.2056255
0.021432524627071278,0.021342129554871678,0.021552350396032018,0.02132197160611059,0.02141514614785205,143485190.149535,3290642081.1081653
0.021342129554871678,0.02135966782411902,0.02145954553285941,0.02075699956435937,0.021300494121399848,26904778.065336164,3319980899.9373856
0.02135966782411902,0.021499645070695447,0.021509288505133835,0.021219981185609162,0.02137567141435799,21264194.864073593,3328171044.7623234
0.021499645070695447,0.021348809591305768,0.021506576045260756,0.021248549264109014,0.021385733517163063,63833866.636139594,3412986500.2426624
0.021348809591305768,0.021389261073154194,0.021443134192241153,0.02084713066995677,0.021361003403911574,12336414.344502972,3406626319.0829697
0.021389261073154194,0.02152658192037074,0.02164326542446682,0.021221144167064703,0.021440277658695613,16922310.326400544,3432316605.714033
0.02152658192037074,0.021426624850117194,0.021741819801097628,0.021182416504986624,0.021421485895081038,75692628.70598261,3545347924.58383
0.021426624850117194,0.02143506324947118,0.021478271288370748,0.02135636866738119,0.021409942976437345,48536627.47365867,3583043063.611694
0.02143506324947118,0.02140372592867258,0.021487028573884053,0.021301703758661243,0.021420715654177344,31847014.64659834,3592089402.4619837
0.02140372592867258,0.021394254032507106,0.022202285024973206,0.02131442857940569,0.021450385082515202,36592393.32161658,3630026856.898381
0.021394254032507106,0.02142463180248021,0.021534508563491532,0.021311522914078417,0.021428842843129976,28025569.315380502,3669978709.9473143
0.02142463180248021,0.021341920514021267,0.021561530364476774,0.02127819057796821,0.02141058471403148,164214343.5737006,3827523518.0170245
0.021341920514021267,0.021433765281736943,0.02176549681034388,0.021238934503610137,0.021429997240252782,265770899.34874952,4184133392.969708
0.021433765281736943,0.021469868521301803,0.021502645742703524,0.021293451150501224,0.021423567188500955,195874349.20661485,4444097302.301595
0.021469868521301803,0.021439306263896014,0.02153035345354234,0.021334894357403385,0.021421811797023564,80820588.35245568,4593556741.163104
0.021439306263896014,0.021420027813893277,0.02156312603024394,0.02122107273702284,0.021414872485578485,82491872.79591495,4682481727.763726
0.021420027813893277,0.021312113036136424,0.021507822136613102,0.021312113036136424,0.02141584955354544,66032369.822183475,4782239487.617001
0.021312113036136424,0.021450197935027525,0.021575207761363097,0.02124209510045357,0.02141869910876264,45622961.522254966,4856632338.188204
0.021384789214105984,0.021465231819304844,0.021465231819304844,0.021082602915696948,0.021381473572366215,78792292.15025775,4922317937.180058
0.021465231819304844,0.02132718747181975,0.021759913384771432,0.021299148245454612,0.021437188176353802,157108741.4218426,4880208169.250143
0.02132718747181975,0.021473113739978584,0.02152325571498982,0.02132117704932028,0.0214138869986149,264773044.59887123,4511248253.548984
0.021473113739978584,0.021271672349965805,0.021801298496250385,0.021175805007668705,0.02142719758594832,175420878.7263057,4251437333.4474998
0.021271672349965805,0.021587017190941405,0.021676743981615242,0.021188258464365003,0.021462516898189413,175927013.77231586,4104894640.6699243
0.021587017190941405,0.02169402194652335,0.02169402194652335,0.021075997676769268,0.0214379590170049,148262536.6053363,4102792730.204739
0.02169402194652335,0.021426641586542734,0.02169402194652335,0.020563845864794743,0.021385965496337624,69013985.08182357,4208571115.5598254
0.021426641586542734,0.021546758314275355,0.022753295025990418,0.02103197084191001,0.021538829527651612,235271270.74031907,4016587358.5249023
0.021546758314275355,0.02155684754434178,0.022010031817412228,0.02087500031754378,0.02144501529734119,529290378.74446607,3229852924.94956
0.02155684754434178,0.021422124273158746,0.022076735087339955,0.021278166085353472,0.02151255980597147,64602090.73711208,3210346607.5853276
0.021422124273158746,0.021441333495094035,0.02162146170198716,0.02120561753420035,0.02142582021934568,11422662.148545183,3208693236.77282
0.021441333495094035,0.022459193219179063,0.022459193219179063,0.020654812228419923,0.021455216535759627,186560697.55575648,3022473497.2859426
0.022459193219179063,0.021519079147526137,0.022495983312417152,0.021176445701801685,0.02157325906658665,217803344.71723938,2783112920.680743
0.021519079147526137,0.02206450374383425,0.02206450374383425,0.02116382208708262,0.021476505053630204,34343639.909752004,2904665613.4536796
0.02206450374383425,0.021427549730591227,0.022221157623611803,0.020562502413947532,0.021467027700047662,18938649.65558788,2996832438.366204
0.021441248019657817,0.021420703732841526,0.021543707113499014,0.021302029940043137,0.021447673954823755,94724699.67538325,3098329504.8765125
0.021468609514289697,0.02166165981069096,0.021798060001727557,0.02113184775375185,0.02145843962587851,38253523.56382725,3100518440.730874
0.021599879061145428,0.021426037237809167,0.021728966172042365,0.0211182384114217,0.021433804246047915,58655078.466688804,3127937959.765011
0.02136411576170327,0.021485689879179266,0.021627844116774406,0.021251723410058692,0.02148688644342194,50591988.86628735,3150624889.7177043
0.021485689879179266,0.021483177426391244,0.021551187929655897,0.021253372484331116,0.02145921197001756,40977188.940191865,3192846575.2351093
0.021483177426391244,0.021484688058907103,0.02163790112196634,0.021411542059941616,0.021510799278113123,38244079.00955662,3249178831.254516
0.021484688058907103,0.02151288483226174,0.02166313709826294,0.02127990816436143,0.02148949460402509,47774158.711946465,3312686690.210286
0.02151288483226174,0.021525520528312785,0.021674601477109853,0.02138458889223587,0.021504204081699563,31088560.136698782,3365890820.375897
0.021525520528312785,0.0214735579644522,0.021710756234438678,0.02136202055212139,0.021495430559907536,12286911.433419004,3377083402.326441
0.0214735579644522,0.021473120155177598,0.021610350649185713,0.021230946081407298,0.021489611057964667,12039577.071961474,3379496990.5846424
0.021473120155177598,0.021569498583495213,0.021689917637556753,0.021079108872188806,0.021461648801174654,30826389.073724117,3332313934.013185
0.021569498583495213,0.021406300228196465,0.021569498583495213,0.021406300228196465,0.02149792957377128,40226804.04342404,3373733369.8324165
0.021406300228196465,0.021435716186232863,0.022071136996718782,0.021406300228196465,0.021578353844538958,97312399.8134942,3436419052.2534475
0.021435716186232863,0.021542370208504757,0.02202129948484058,0.02137378644906756,0.021524803716738077,72042532.47670618,3447357304.0142665
0.021542370208504757,0.02149349355442228,0.021650653338697902,0.021225712176158224,0.02152251559896108,418303478.57703143,3933156357.9982977
0.02149349355442228,0.021479153031355502,0.02166479503412479,0.02145286216630314,0.021529968334185752,30111195.550548784,3941625208.3007913
0.021479153031355502,0.021567290436713085,0.021608552822028556,0.021450357860147158,0.021540183665870273,146908603.5083489,3734962384.6815653
0.021567290436713085,0.021510450826535302,0.02166193628075462,0.02135242411187895,0.021537326904724822,39131308.28127821,3753889348.638599
0.021510450826535302,0.02156208044790573,0.021729051796558645,0.0214366957091054,0.021542939141826874,69401882.12736368,3822773008.6981354
0.02156208044790573,0.02158138951321764,0.021687143144325953,0.02141441044547603,0.021568581233865368,102991724.29351321,3945951815.9001713
0.02158138951321764,0.021472087590412293,0.021609167014507664,0.021472087590412293,0.021550429727785776,58070052.08314623,4034103385.5239706
0.021472087590412293,0.02172553995091385,0.02172553995091385,0.021329503305050054,0.021527633997288922,214520246.73235026,3764720005.0023875
0.02172553995091385,0.021488345070111887,0.021903747735516895,0.02138877744885893,0.021563523147846063,156832821.37622112,3584233514.407962
0.021488345070111887,0.021580995221197292,0.021662658687522762,0.021468985934802412,0.02155789609164076,58413119.46978615,3434505492.2415752
0.021580995221197292,0.021520290978668047,0.021926388300298926,0.0214419684987767,0.021576978502352614,221921628.09873742,3187750401.5948434
0.021520290978668047,0.021429356988434914,0.02173911004741148,0.021221797112165885,0.02154915971547797,159073507.05269125,3024831273.2499576
0.021429356988434914,0.02156452239279741,0.022988608370980008,0.021370920702737335,0.021622204673599908,320312320.6423579,2592661543.1669703
0.02156452239279741,0.021752984499953713,0.021752984499953713,0.021414673483928986,0.021561278760868132,194186071.9000114,2839002437.27878
0.021752984499953713,0.021470611012278668,0.02178768557322715,0.021466997528204284,0.02157346597604492,21227489.20486871,2849741012.3355074
0.021470611012278668,0.021651118277374832,0.021939723965143636,0.02136973207051729,0.021556213172288882,31798294.340877578,2815280715.3646812
0.021651118277374832,0.021601745270801956,0.02177783958117658,0.02118798011690015,0.02158358539843966,35181052.31948777,2783719867.9268813
0.021601745270801956,0.021621164676868275,0.0216642639772134,0.02148895472524085,0.021572649513657827,19166762.45696441,2756885420.376075
0.021621164676868275,0.021566201127838473,0.02166534120325834,0.02146878965555423,0.021561194870604195,31335605.424262967,2764217598.857672
0.021566201127838473,0.021407444855573395,0.021660884004845303,0.021407444855573395,0.02155362762897651,169918776.13830107,2737302919.6602664
0.021407444855573395,0.021579783507500484,0.021620261111662046,0.021329202350545008,0.02152163623168984,658806125.6852665,2222492920.1628857
0.021579783507500484,0.021636449809162846,0.021642451342036264,0.021309030024869974,0.021538592765264694,87814294.54167,2440433311.9667153
0.021636449809162846,0.021609960158560183,0.0217216387973823,0.021347706864184343,0.021571720654096176,21701988.328350592,2457439501.135703
0.021609960158560183,0.02159995198898287,0.021914502166823887,0.021519860298192653,0.021582394753846202,43561313.049325466,2517693697.7128706
0.02159995198898287,0.02158011450261267,0.021631723687055737,0.021492928035086487,0.02155391330887925,11823817.559662051,2530231249.6613193
0.02158011450261267,0.021579817671451347,0.021691742179143936,0.021554235984107606,0.021590294328786216,266400828.01048777,2808192519.330994
0.021579817671451347,0.02157321938554879,0.021750744710901312,0.021462073614972526,0.021557473400101543,61510836.988680035,2967968460.3675213
0.02157321938554879,0.021608778568717943,0.021617452183450132,0.021513227750559045,0.021548232236881355,12663184.21626151,2978566815.804388
0.021608778568717943,0.02157614731313458,0.021644892832984045,0.021268109887394,0.021552609217229908,22670088.78240544,3006265196.7863793
0.02157614731313458,0.021572157667292848,0.021628790282319732,0.021517124959250077,0.02157350229364956,13985259.989545144,2986949461.0876303
0.021572157667292848,0.02155070176124373,0.021631909090747633,0.02151654705392032,0.021570041530457194,73938328.39145422,3053006926.2570353
0.02155070176124373,0.021543876509044088,0.02168341821717715,0.021533620083799915,0.021584219741962903,86322999.3956558,3180270045.730802
0.021543876509044088,0.021575681828634685,0.02163210680378842,0.021287959660067444,0.021566369167575993,101412904.68001758,3285487541.2332897
0.021575681828634685,0.021622969312595556,0.02163489441866614,0.02139309246291811,0.02156354060995798,45729949.817311585,3353240028.4772835
0.021622969312595556,0.02157740561486404,0.021816943718540885,0.0215379963548476,0.021602567506933314,95510314.24336933,3453845155.633007
0.02157740561486404,0.021642697115568873,0.02175905932673716,0.021384944005904703,0.021619349303137206,151641466.00238973,3633460440.5440574
0.021642697115568873,0.021551674868732835,0.021642697115568873,0.02152105559088638,0.021567176153474612,138961210.64865267,3856550232.016436
0.021551674868732835,0.02157831509985403,0.021643383851826115,0.021511730644196054,0.021572264951374282,33247126.27177069,3918894176.0098715
0.02157831509985403,0.02165621001434296,0.021673643692031716,0.02154580543037996,0.02159444862832673,11956641.135661729,3934273086.323517
0.02165621001434296,0.021563696376645614,0.02165621001434296,0.021546812797971725,0.021591376769483153,38888780.11790119,3982132093.341506
0.021563696376645614,0.021596350737222096,0.021678775822896408,0.02152649008195132,0.021594363253701267,29580085.12427476,3988762918.1115255
0.021596350737222096,0.021710328925481668,0.02185483839740241,0.021493335641293607,0.021605513829268865,40235879.035918765,4027732749.632931
0.021710328925481668,0.02159874472887443,0.021710328925481668,0.021475874926969066,0.02159349404575053,25997778.682547435,4043810263.7158628
0.02159874472887443,0.021512910496373997,0.021614006034435106,0.021499760278459512,0.021577966390166684,30655746.010891385,4086351415.6376486
0.021512910496373997,0.021502947277643195,0.02168159538399502,0.021502947277643195,0.02157712424743322,67914651.58677244,4154469457.707791
0.021502947277643195,0.021602479202146568,0.02162200781897301,0.021502679009155624,0.02156384304925555,108288268.2936632,4311894220.769065
0.021602479202146568,0.02136786607787517,0.02183714481562282,0.02136786607787517,0.021579502178905377,44154044.13280428,4370079895.794135
0.02136786607787517,0.02154887270887092,0.021762424764742855,0.02136786607787517,0.021581119460050254,21184532.079420373,4406178547.19025
0.02154887270887092,0.02155825954965198,0.021654290045861217,0.02140298452150249,0.021568719949109312,298141018.368327,4180173404.711694
0.02155825954965198,0.021515266956064805,0.02164788441707386,0.021431266689075804,0.021564323149619584,598153085.6010642,3547319888.5007057
0.021515266956064805,0.02164390471820054,0.02164444229923388,0.021264300956376426,0.021547338967216105,838481606.5463369,4710938864.155535
0.02164390471820054,0.021573979417746043,0.021660593429454908,0.0215359156432138,0.02157034563404054,85099640.77872336,4659319155.057322
0.021573979417746043,0.021604721410211147,0.02174152517961085,0.021233682336879594,0.021564795508866044,54635255.874003045,4593985766.42727
0.021604721410211147,0.02163893218803982,0.021723375063713992,0.021409851522818196,0.021595418373576595,4245754.337790448,4615162093.946599
0.02163893218803982,0.021690613708995842,0.021727965602877035,0.02152172794988689,0.02159978873794301,422584733.6574227,4128244168.2313213
0.021690613708995842,0.021568719750567924,0.021698090709603608,0.021309011481463233,0.021572488139140592,48445630.43765803,4169459457.648639
0.021568719750567924,0.021582058669685517,0.021748173539832105,0.021362997138164575,0.021565501534524606,24950537.877962276,4180982187.242024
0.021582058669685517,0.02157668749225681,0.02175339802386893,0.021511026514281405,0.021593308193879182,57616455.09015412,4192902411.487698
0.02157668749225681,0.021580100929920548,0.021769494060099922,0.021459013301827135,0.021574193671620313,73457332.89177874,4276573446.295942
0.021580100929920548,0.021539415341646634,0.02163411567524832,0.021447577071438424,0.021557430616086865,78113611.34345306,4376871781.443554
0.021539415341646634,0.021538210632710112,0.02182657137765137,0.02145357992492903,0.021570844667146233,60909537.90705249,4450222537.227115
0.021538210632710112,0.021565910797542352,0.021661926203741678,0.021447156445502814,0.02155952954545538,46455388.42577183,4429763945.242012
0.021565910797542352,0.021577644286701586,0.021605705672316757,0.02150758769028096,0.021560798823111228,29042738.054683648,4466380477.571397
0.021577644286701586,0.021592514593898514,0.021684507696698607,0.021461921817342022,0.021573011349076684,13527365.101590497,4460789654.753556
0.021592514593898514,0.021642105850430148,0.021775644137523434,0.02148518510027325,0.02159987429603734,14104152.912028661,4462569356.542389
0.021642105850430148,0.02162307590308888,0.021658260133135515,0.021408459742483156,0.021563766651529134,21520393.6837002,4469158482.615998
0.02162307590308888,0.02156042163881337,0.02180444173244122,0.02145286266185215,0.021600516186911153,12356872.091466751,4493090336.889626
0.02156042163881337,0.021539614103137608,0.021681375118832533,0.021479789700026695,0.021558249266666458,20691435.4629852,4498806735.649891
0.021539614103137608,0.021597971102708894,0.0216406146340352,0.02143883524111235,0.021559703132879224,10159836.098263362,4511288347.045872
0.021597971102708894,0.02153508089623717,0.021679013409247338,0.021514792102883488,0.02160986604700475,2586451.199932154,4514362300.20589
0.02153508089623717,0.0215930627018478,0.021640780403486982,0.02153508089623717,0.021592299650260424,22512606.405035403,4489464136.690227
0.0215930627018478,0.021634467803916826,0.02207244431909133,0.021526753391603343,0.021603627433110617,5032578.4441225,4483026411.039307
0.021634467803916826,0.021567841284118445,0.021669791252302853,0.021387339031491502,0.02157179584175241,9082442.569318566,4471764844.740292
0.021567841284118445,0.021556081172851325,0.021608850761085163,0.02151249195785054,0.021563594231809105,8422706.574093513,4456928428.574626
0.021556081172851325,0.021633829869214204,0.022403824797317888,0.021521252952770645,0.021604948325872824,28941392.8043007,4427251124.624088
0.021633829869214204,0.021753121315216808,0.021753121315216808,0.02151606084368063,0.02159969319193181,29630688.952405885,4420262882.338121
0.021753121315216808,0.02161031078784413,0.022351137710826086,0.021561135240627645,0.021636722193989776,8443753.009673197,4422251221.422992
0.02161031078784413,0.02158546913497266,0.02165408442503279,0.02154415471130613,0.021608943470906465,22012644.64575494,4407429467.501308
0.02158546913497266,0.021596149569267278,0.021738960129588418,0.02156122985885922,0.02160980076836778,10969078.871799964,4394905642.110337
0.021596149569267278,0.021653416584884046,0.021664890223328046,0.021585656304950393,0.02161858191524823,5563799.432614374,4397179378.230518
0.021653416584884046,0.021658542088531248,0.02173186051699535,0.02144319973876629,0.021616033259113977,15274329.73253896,4415661852.934817
0.021658542088531248,0.021633921519508555,0.021694576237835696,0.02156892166809516,0.021630627103332144,15294415.271947911,4398601453.50637
0.021633921519508555,0.021684308010091954,0.02175796017038976,0.02153837281497272,0.021633971781418498,3295100.98623593,4396442693.84156
0.021684308010091954,0.02153518826087276,0.02169339421697209,0.02153518826087276,0.021620439166568608,3035353.615108815,4388459942.627012
0.02153518826087276,0.021572877931320598,0.021636547140876886,0.021517518482475365,0.021592601089580044,49184563.73758714,4435350221.784742
0.021572877931320598,0.021609954112877798,0.021747996404493812,0.02132786304779185,0.02158856287689473,88091436.98727378,4562958035.300941
0.021609954112877798,0.021594051606338635,0.02162485126240545,0.02154941215222195,0.021590696455613623,15038131.090698358,4569114895.858934
0.021594051606338635,0.021545787126640896,0.021614423416039374,0.021524047934237938,0.02157129940779286,19439030.469589286,4591576523.631971
0.021545787126640896,0.02160065245225695,0.021646354186500866,0.021531714933025352,0.0215691455787471,19475040.682204667,4610204297.788746
0.02160065245225695,0.02168620377209063,0.02187170989043006,0.021518400449691614,0.021627435379166903,67294019.98862904,4708734017.133503
0.02168620377209063,0.021592655451183804,0.021737095660414974,0.021552583236010687,0.021638606392780382,13993566.482531961,4702047176.350231
0.021592655451183804,0.021739408339656898,0.021740738698962127,0.021592655451183804,0.02166634571256466,21631059.834308602,4741693132.613772
0.021739408339656898,0.02158073931146967,0.0217450498463233,0.021574233797689333,0.021668012508983356,2164274.0385258463,4739224861.875891
0.02158073931146967,0.021640514829728747,0.02170957300433131,0.021539089706200113,0.021637824072308395,92184535.31551339,4637623223.452719
0.021640514829728747,0.021537999448044482,0.021697014070798076,0.021537999448044482,0.021641830511255313,23134232.827635422,4598037550.215717
0.021537999448044482,0.02164368123921557,0.022257062906323635,0.021537999448044482,0.021681376325017918,6314617.06188537,4594020796.198673
0.02164368123921557,0.021633020195557483,0.021765293457422487,0.021602413286248755,0.02166236216811419,2637474.984760737,4590166835.0221815
0.021633020195557483,0.021546687525128512,0.02169006371221915,0.021546687525128512,0.021648156566812085,26253117.020579062,4559257374.430434
0.021546687525128512,0.021625569363880933,0.021730527525900045,0.021546687525128512,0.021641064963555907,13328804.068719842,4558040574.212831
0.021625569363880933,0.021708381620820283,0.021794560646075628,0.021574538484516927,0.02166338933202571,18104401.396748755,4585403800.035085
0.021708381620820283,0.021704350959451287,0.021748037807327286,0.02161099513428892,0.0216754161748397,4981095.667811327,4595123704.067173
0.021704350959451287,0.021688527592944547,0.021708509784918426,0.021616904652194038,0.02167090957514199,44977895.13330634,4643122485.358111
0.021688527592944547,0.02157314094242204,0.021770721224220625,0.021497595042387452,0.021642952851536546,44284189.32914147,4606623144.688444
0.02157314094242204,0.02166183434564708,0.021743843374569475,0.021423873520478743,0.021627309386406973,205280653.821569,4323831198.95847
0.02166183434564708,0.021594535496533382,0.022325497612438596,0.021580866169432746,0.02168151295325573,218063973.42564672,4065956948.1311417
0.021594535496533382,0.021700526164686488,0.021775615906043634,0.02154275628231602,0.02168166920177854,1786035.986497947,4052918883.123275
0.021700526164686488,0.021673727123929187,0.021868967159115002,0.021310301976331873,0.02165630782317124,11612432.743814202,4059858993.502277
0.021673727123929187,0.021691980358750394,0.021812681850605007,0.02160450759567948,0.02168927798633548,31876084.030349527,4094012848.783125
0.021691980358750394,0.021674788589743147,0.021727770673275956,0.021384904774396245,0.02166412670562741,12771142.930049952,4074573865.7327914
0.021674788589743147,0.02151415036586878,0.021740327406418992,0.02151415036586878,0.021677699253652247,122073863.49523833,4196057325.210909
0.02151415036586878,0.021733048439942133,0.0217637208342556,0.02151415036586878,0.021662041422020502,93879967.11811043,4351953147.075485
0.021733048439942133,0.02170509537593393,0.0217616292409496,0.02162320281939734,0.02169183779429896,63290595.402980804,4439059590.422161
0.02170509537593393,0.021785054110539697,0.022137524959031103,0.02163037966890747,0.021710110447552094,1135932791.0874476,3134328268.675176
0.021785054110539697,0.021670004124530177,0.021785054110539697,0.021594161525566154,0.021667143167049464,44468265.99154379,2612102008.7183547
0.021670004124530177,0.021668976025621237,0.021735099590253694,0.021599244952726238,0.021685516076664378,4575724.291724297,2619456957.455472
0.021668976025621237,0.02168916779569835,0.02176412836548515,0.021466987239041505,0.021675060624194904,1719579.1424652832,2614324027.35875
0.02168916779569835,0.021826539096904633,0.021826539096904633,0.02158522038447422,0.021683749045866972,10060958.88917073,2619929772.308008
0.021826539096904633,0.021666535202897047,0.021826539096904633,0.021640122211670516,0.021690128371091064,50168930.6365948,2568144912.266191
0.021666535202897047,0.02163562620453396,0.02175131435436877,0.02154497094389141,0.02166268754872985,128069828.10569078,2579324961.1164374
0.02163562620453396,0.021693980478699165,0.021868565475911136,0.021078810351548037,0.021631102760871847,43588022.53321287,2669526516.5294795
0.021693980478699165,0.02170216755592117,0.021810245469453572,0.021534087553203733,0.02168762302808723,27942058.117073335,2648134194.466621
0.02170216755592117,0.021671916513235,0.02177124155938562,0.021640400293778183,0.021688270620149372,20415093.80058913,2654199536.022351
0.021671916513235,0.02171282215765842,0.02183247772373597,0.021572554186208327,0.021678077877768147,10415348.242897453,2665854648.456107
0.02171282215765842,0.021821265845447864,0.021821265845447864,0.021626295405718973,0.02171173525194868,25045372.329718586,2695319757.311766
0.021821265845447864,0.021702697545909908,0.021821265845447864,0.02159755925646607,0.021708696843799828,47793971.708496064,2740019305.9052296
0.021702697545909908,0.021740912088982538,0.021797705218945522,0.021625177977083056,0.02171994061339514,442443454.91610354,3238496989.7824116
0.021740912088982538,0.021713575391392542,0.021769829376193435,0.021316930858386252,0.021678977740116595,460831650.1539827,4154035023.1016507
0.021713575391392542,0.02169117544337288,0.021908127025306565,0.021627264382025203,0.021740261481382993,22870712.353192415,4151432764.912975
0.02169117544337288,0.02176670185028244,0.021781634368584976,0.021612590934666883,0.02172145367101381,25285376.38513381,4143254974.389799
0.02176670185028244,0.021650821332018844,0.021867550385784824,0.021572404031006825,0.021710838626381526,27065850.387723975,4100663737.846511
0.021650821332018844,0.02165829019532973,0.021855885808081687,0.021555720812681936,0.02169821340182028,6810394.396105289,4087587672.148019
0.02165829019532973,0.021639849544830336,0.02176223632450261,0.02159077999887625,0.0216794705483488,18716555.0175527,4084423016.9086947
0.021639849544830336,0.0217108548577064,0.021789999159209473,0.021609037855023404,0.021696265063376338,26965614.952910386,4056979572.3463497
0.0217108548577064,0.021655225406637245,0.021840772113946774,0.021557292146096935,0.02170847625894226,24331381.808073062,4032321554.789589
0.021655225406637245,0.02171032571509145,0.021810654730852037,0.020809721241239105,0.02166716757000935,67973925.76636046,3940435198.4338236
0.02171032571509145,0.021837369759514322,0.02184810516677443,0.02161519545837738,0.021753897450204257,5992323.04361777,3944968255.3290634
0.021837369759514322,0.021694939185112335,0.021837369759514322,0.021544260438795825,0.02173151162523648,1118791.393979156,3943121177.198097
0.021694939185112335,0.021770554673568074,0.021832555339599,0.02161496455089389,0.02174865695937994,10558741.266161134,3939543910.3582783
0.021770554673568074,0.0218724890006083,0.0218724890006083,0.021694887089336992,0.021768122323718817,15765361.820391638,3922133381.710895
0.0218724890006083,0.021609669077355766,0.0218724890006083,0.02159485687018156,0.021700692916182006,46692001.96235782,3854103266.4388943
0.02167326249227856,0.02175651417957326,0.02195847851098387,0.021639197540530508,0.02173235981147534,16611910.228517035,3848921936.1241674
0.02175651417957326,0.021728745475254798,0.021996618581603938,0.021638917011835134,0.021752022709192017,8318279.8799581425,3852438901.56323
0.021728745475254798,0.02172623362810467,0.021812639978892965,0.021684619881314867,0.021737676088934902,42898670.77902525,3879521096.9127865
0.02172623362810467,0.021722874319916256,0.021799823415415517,0.021616145644034558,0.02170776583098756,27166272.983177386,3899280937.497697
0.021722874319916256,0.021695415376164814,0.02179438092482154,0.021396417768421664,0.021693884479132997,4805788.353432944,3897211622.7728567
0.021695415376164814,0.021689349476876237,0.02172439273084382,0.021573369663137578,0.021680724239103846,42041903.92001567,3952041984.3074546
0.021622807440170033,0.02171051884079284,0.021761928167400864,0.021599561037732275,0.02168230140401009,11873529.189269017,3963830275.89037
0.02171051884079284,0.021696256167496358,0.021847166533402667,0.021555404018344004,0.021704440846890247,17089390.980175883,3989507653.5238853
0.021696256167496358,0.021714762945862952,0.021877812158013408,0.021637970001333422,0.021739731706523595,109960390.62174158,4105962824.584583
0.02180060080541947,0.021754975803510698,0.02185882388069666,0.021660678392576137,0.021757038105124735,8120881.392432203,4159587747.1277957
0.021770031233665305,0.02176560663490722,0.021812877240627807,0.021698313349149984,0.021763509519862546,27063359.749482583,4174740344.887886
0.022044759676927827,0.022014063537574582,0.022044759676927827,0.020878770414970004,0.02174257068633375,112117941.11088793,4342165451.233451
0.021764047486844622,0.021756533998366523,0.021799515195267828,0.021709825780640856,0.021751041095407923,27611064.575132653,4373941586.855913
0.021843449329789898,0.021745609153782337,0.02204636413962155,0.021666021297549062,0.02176259172971975,24614202.418600347,4400846210.16173
0.021659947141016808,0.02175341246832369,0.0218165769562127,0.021645219419476485,0.02174801079321508,22784642.11960614,4431069991.829396
0.021776636743328,0.02178682481460421,0.021873380605990755,0.021671264699362616,0.021785262639531133,36194813.91285637,4478944155.668339
0.02176702835840315,0.02176932971451638,0.02192346891456906,0.02110918955762869,0.021736368439380455,8816021.16802073,4479269589.157818
0.021798401521301247,0.02180636974623122,0.02183146693578964,0.021686437208383758,0.02177759644875031,2053079.3541842264,4483238202.32583
0.021832824733561237,0.021768986763209777,0.021873900081555906,0.021699721424912905,0.021762842302506327,9767929.544750996,4494408194.547222
0.021815100228686855,0.021734129136512806,0.021942540381164454,0.021411413424412048,0.021741920566300487,6489716.80020145,4489509185.420726
0.021743471662064928,0.021789293052315716,0.02191033758879178,0.021687420116255875,0.021800213969852576,17553479.114364475,4489164491.357277
0.021809122656945894,0.021636432149861457,0.021845873708589827,0.02157161660847259,0.021729538400689072,70555757.7749125,4531608290.124446
0.02179724270910399,0.021778647592822595,0.021944235742690162,0.021640852292253186,0.021740329591667107,58171097.08148518,4613396616.483444
0.02178297761936684,0.021783451617611096,0.02195250831941878,0.021671693960541034,0.021794285219057637,67938999.02977768,4626454499.6628
0.02183372093999038,0.021836470110023678,0.02193256519016737,0.021711378729393566,0.021820986580927425,124463263.15752792,4490174646.869132
0.02173440957122442,0.021656283521323934,0.02178528331655776,0.021410765560007913,0.021694822132527606,2476560.519469729,4458185828.027153
0.021765788823209693,0.021741545847627042,0.022029728385995175,0.021585387335568345,0.021728713424971135,2843751.485828204,4463606659.503477
0.021705502203742174,0.021737329045733587,0.021790273498374833,0.021628843271198017,0.021720717960609107,6367771.256288241,4455760052.338779
0.021812003231539822,0.021676422390734567,0.02196206929285303,0.021628983722716304,0.02173981716652329,7210276.35522813,4451942712.919453
0.02181463997367724,0.02166387897525045,0.02191420839677346,0.0216173507938413,0.021735561108914232,3934553.7123009,4441202245.801972
0.021817903259464578,0.02173859198096641,0.021817903259464578,0.021672415822144953,0.021730908633019512,4739928.015966237,4438540095.052258
0.02172589606264065,0.02166865479914769,0.021881034273724818,0.02166865479914769,0.02174331593992185,43535364.03465845,4482972654.082276
0.02173065106553601,0.02174897835129989,0.02182509035982737,0.021645007261214266,0.021731133708982584,193545646.79582608,4771890803.546757
0.02174897835129989,0.021719186529282078,0.021792605525144518,0.0215828621921663,0.021725045670997426,3332525.8004782996,4765703296.7944765
0.021947436389223675,0.02173409047225708,0.021947436389223675,0.021619485930614208,0.02172714708844527,9149172.646828141,4772247223.765692
0.02173409047225708,0.02170216708423279,0.02185312261009753,0.02150532370166169,0.021715294222959678,5203179.662575398,4769269356.416964
0.021736129698293933,0.021754225311977942,0.02180400878468968,0.02155944584799098,0.021730950203928685,3536272.453355189,4764895524.97408
0.021714462402563174,0.021746168553899263,0.021854601358551794,0.021568605805179584,0.02172059713009232,33729985.41303551,4734935024.07329
0.021746168553899263,0.021690188851775385,0.021901134866149807,0.02161922803295095,0.021742910864428828,31846560.75564434,4681614603.139177
0.021690188851775385,0.021638774106091985,0.02197952426366216,0.02143139781624493,0.021741140148755524,3116265.0020501,4688307951.6500025
0.02172840426941172,0.021768633558954854,0.021907841478306364,0.021623312007968257,0.02173443214191355,23950058.65786378,4661123210.145067
0.021768633558954854,0.021745147562114927,0.021861312093580915,0.021697510715696523,0.02174812495495793,12566108.855437487,4647358660.640648
0.021745147562114927,0.02169913035816025,0.021806183424109876,0.02164377390381858,0.021750887714515225,6349860.419921407,4636410248.7096195
0.02187327283663502,0.021787344141245075,0.021962652643461655,0.02169769068438658,0.02177044903368048,4816528.090243445,4636885889.112036
0.02174547300276873,0.021777623182001302,0.021941525551209203,0.021652944923353547,0.021772337010036336,13430729.38421006,4620235161.428442
0.02188571384700742,0.02175175292704595,0.02188571384700742,0.0216997608465024,0.021770676949962157,6994595.363205866,4610817088.620369
0.02175175292704595,0.02176777396420467,0.021922894794124213,0.021641897926890436,0.021768169141341366,5957804.752953757,4603279224.915793
0.02176777396420467,0.021787903520666726,0.021852444356316537,0.02167708912596904,0.02175361084451686,68367437.09693114,4546474705.904621
0.021787903520666726,0.02172736608337132,0.022200025610196194,0.02167705563478807,0.021809263375932135,110206365.58166605,4364955864.884544
0.02172736608337132,0.021794640740268434,0.021828843170227947,0.021727049631795062,0.02176952946489739,46867845.91238559,4322509090.320195
0.021794640740268434,0.021802619417975268,0.021840545187794633,0.021699392672558757,0.021768679478211275,34880218.143781476,4267069053.2079554
0.021802619417975268,0.02181426079875469,0.02186319228281266,0.021657816665953938,0.021770621727968148,26874687.72515197,4298503182.084873
0.02181426079875469,0.02179486364363437,0.02196621684341437,0.021718891548857255,0.021798609645628526,16134495.820250044,4325324887.133056
0.02179486364363437,0.021858414704305523,0.021910884603610695,0.021683273209083663,0.021787305317722938,46531251.40519217,4272170348.3828635
0.021858414704305523,0.021835057066025714,0.02193811699264921,0.021771949001471953,0.02184158413247796,20031047.465776373,4278316970.788912
0.021835057066025714,0.02180392982405291,0.022068371003789618,0.021786260990889095,0.021879070587756854,10515826.280157669,4298731339.479136
0.02180392982405291,0.021844746360909557,0.021931442872226158,0.021742055689575598,0.021841795101084395,23435991.29881432,4324581334.306423
0.021844746360909557,0.021840082364085293,0.021950792309725423,0.021768131024823875,0.021840946723463445,15080543.6392499,4308183769.470646
0.021840082364085293,0.021777133112751375,0.02203692117650304,0.021699806891519575,0.021820449021466563,45568537.16664587,4242149116.984858
0.021777133112751375,0.02179133284879093,0.02187502649235292,0.021776644718531687,0.021810236671460387,63484873.46807623,4233923937.2561245
0.02179133284879093,0.02183171388031682,0.021876230280601486,0.02173188557840252,0.021806927652039163,133509345.7278294,4037970554.460417
0.02183171388031682,0.021808981982946854,0.02192438258170761,0.021487235297265986,0.021794574201738835,23215924.412987445,4008088006.242724
0.021808981982946854,0.021825426917852452,0.02188888495283508,0.02149761647212772,0.021798001313674792,161784796.2232155,3833200851.9614716
0.021825426917852452,0.021894397224960876,0.021932776173139375,0.02177753942355408,0.021852173433193345,56116224.69066191,3736004693.2885776
0.021894397224960876,0.021808995780691832,0.021912392918740198,0.021691986602319968,0.02182047082455311,94399360.88466555,3609195146.9366803
0.021808995780691832,0.02182874935418633,0.022088655506195428,0.021729610062013332,0.02181931742905216,43713389.60744515,3562176553.0299187
0.02182874935418633,0.021436142167882064,0.021877453112246432,0.021436142167882064,0.02179703398214862,34741342.39874794,3527272465.288172
0.021436142167882064,0.02183123428577404,0.021928040542008503,0.021436142167882064,0.02182661822423592,4810385.509097962,3513174073.6397195
0.02183123428577404,0.02182512015328262,0.021903465736476016,0.02176287136693171,0.021835254687686385,8873957.669784712,3499054907.529514
0.021808728842791166,0.022006590928159608,0.022006590928159608,0.021220856521856585,0.021797686635982583,12305322.303679163,3481360141.61598
0.022006590928159608,0.0218569311004607,0.022006590928159608,0.021748623919828222,0.02183513116846443,40515712.34600759,3437815904.469172
0.0218569311004607,0.02189673942823779,0.022128877962475136,0.02117628749942581,0.02183052231167714,19145243.719739027,3410066316.3754487
0.02189673942823779,0.02178887850372461,0.02224148674189119,0.021784845348467065,0.021887594319534114,37476655.544175416,3378168800.236606
0.02178887850372461,0.021834021195642133,0.02207103066877946,0.021754898047640758,0.021855218162865443,25631182.831059143,3337182742.4876223
0.021834021195642133,0.0218675631515501,0.021926542692733107,0.0204190235471484,0.021530497626713628,7930870.3465466425,3264576939.530324
0.0218675631515501,0.0218523011472924,0.0222620529036645,0.021619284349981685,0.021844868809013308,124903675.63141519,3190301209.9861226
0.0218523011472924,0.02187895980796473,0.021912326732983746,0.021805721850153337,0.021860844845690744,13247819.619967988,3192980979.7540092
0.02187895980796473,0.021860122419696804,0.02204325200876975,0.021514842975331912,0.021867712611378497,1078959.7685313274,3195158377.176289
0.021860122419696804,0.021833241810881372,0.022050604590763773,0.02167880794405019,0.021851112653201287,25735240.483219974,3212914861.352504
0.021833241810881372,0.02182271214819497,0.021942492890184125,0.021759655023874936,0.02185237443417227,8644538.859795844,3222783444.2361407
0.02182271214819497,0.021793872134217383,0.022059184558728916,0.021748042525689286,0.021844283337022184,22131627.608655553,3209076471.1269703
0.021840762721996566,0.02183150323797747,0.02197277509710342,0.021720491602643312,0.0218462578344159,10329966.356509164,3209758578.3758473
0.02183575807217744,0.021830403678266632,0.021879419811875477,0.02178838285448036,0.021839560634127987,1171958.983386076,3228606669.0882497
0.021830403678266632,0.02184683400490284,0.02188215710416391,0.02180423753288652,0.021840819399668133,19396404.659313727,3228792756.111058
0.02183488534056648,0.021768982459554987,0.021898999259834944,0.021735871949455417,0.021846949501298507,32327255.58195755,3229698987.117149
0.021830629372676814,0.021843736242723667,0.022007184998754446,0.02169744832909019,0.02184290876623159,98996591.34042554,3229101633.333178
0.021843736242723667,0.0218269938863372,0.02199911196426466,0.021741594822541947,0.02184220508531344,161673269.04659498,3228997606.1073875
0.02186463566621918,0.021837432891869377,0.021937886523858408,0.021756546039019123,0.02185142779411314,41066393.993421055,2971930364.5094438
0.0218567039104538,0.02190731911691731,0.02194574586790733,0.02178397654027605,0.02185469887260234,10664010.74663677,2829920222.0182233
0.0218697566019192,0.021873500416312565,0.02199657906292776,0.02180294809977752,0.021870108784778845,177537300.06589147,2831915620.0029755
0.021845696699258472,0.021833716722891805,0.022013193685550728,0.02159635225808116,0.02184557423631677,28846297.729257643,2828738691.543076
0.02182948720100432,0.02185662400460754,0.02207944740646624,0.02147145217888453,0.021870140597445794,40595248.36061947,2744915880.0763206
0.02185662400460754,0.02189277442875161,0.021915613291789284,0.021784745239707776,0.021859076862130355,29052151.14391892,2553454284.933672
0.021892679195850247,0.021867121944822307,0.021894146366216755,0.021803811078077565,0.021854194182958652,7355291.843344156,2552883917.843988
0.021867121944822307,0.02184540857691669,0.021927183590139256,0.02182946342673108,0.02186216939672171,12821176.165480427,2553815537.412605
0.02183957257150777,0.021866759772396112,0.021908361125954286,0.02182745475697304,0.021864837400259057,145495912.25359043,2554127198.5640593
0.02186933276613401,0.0218833386563051,0.022160693107976408,0.021840085704532546,0.021876408276788464,92825780.50396825,2452327839.9558835
0.0218833386563051,0.021873127975215075,0.02191081429142917,0.02184606020410177,0.02187471372779387,57182685.41743119,2443250088.9193573
0.021849518384886885,0.02187105870460907,0.021903601207408828,0.021831056562429757,0.021869362881978913,50389892.67326733,2442652437.463165
0.02187105870460907,0.021895522955801064,0.02191554716383091,0.021830907555796468,0.021867516597032875,34306186.96460177,2442446220.5537844
0.021895522955801064,0.021869675012741445,0.0219522490724056,0.021838030009075277,0.021869817074247847,31542438.869109947,2442703167.512266
0.02186562585573483,0.02187869635935956,0.02190798627906304,0.021849931496482188,0.021878526708874357,2531758.8859797297,2443675971.8122625
0.02187869635935956,0.02188965248596509,0.02193531755281605,0.021833511647195065,0.021875918248348867,1042898.9690688775,2533473139.103268
0.02188965248596509,0.02187280146159632,0.02194010744054875,0.021831719176542964,0.021872885312162558,4257433.4453125,2669396040.2656617
0.02187280146159632,0.021874413887251774,0.022490078551323976,0.021838693378499557,0.02187888567099419,7443712.538461538,2670128332.04504
0.02187161969724832,0.02187484939049053,0.022006564395369816,0.021856282200933417,0.02189457897735732,154955083.3482143,2701407462.700477
0.02187219959220408,0.021881887919439808,0.02194177820147566,0.02182416481367111,0.02187257518846958,89156692.53007519,2918933076.8334494
0.02187620993034964,0.021955024400053744,0.021982241148884456,0.02184294762862366,0.021897296406823502,8389109.899473852,2914578974.7923746
0.021955024400053744,0.021895004089464456,0.02207103767273634,0.021844999526519155,0.02191498793488991,3003876.6503145294,2929293171.8646245
0.021895004089464456,0.021878711284850347,0.0219558766033874,0.021764528179005305,0.021896037798558213,1888856.8826086957,2932948364.2695165
0.021878711284850347,0.02189583312201405,0.02195504783160532,0.021866637241107968,0.021893999988862663,13904411.857142856,2938510306.889942
0.02189583312201405,0.02190295427450764,0.0219490216090291,0.021868800143894022,0.021888847619965793,11651762.523364486,2954550609.896648
0.02190295427450764,0.021884970345954206,0.02193313315280932,0.021840684687438165,0.02189303738696699,8822892.66,2963277961.694587
0.021884970345954206,0.021916749882940064,0.021938808800126712,0.02186521686570113,0.021895441560232362,28620437.527522936,2965092791.4132237
0.021911002473520437,0.021909607810380552,0.021959696392979955,0.021844238632568992,0.021903390071780993,20318751.638095237,2915533645.976036
0.021909607810380552,0.021892440112885627,0.02193100533708672,0.021871724087992303,0.02190185683674935,56621009.07692308,2907787686.151434
0.021892440112885627,0.0218866458928272,0.02197748381445956,0.021834239937719012,0.02189572585248689,36897392.561702125,2923050182.468053
0.02189664617695589,0.02191233184347486,0.021947372769515333,0.021740679023456333,0.02189787241410253,9325447.210465116,2921636827.3349285
0.02191233184347486,0.02189335886169288,0.02193409251090509,0.02186827481917392,0.021901691021788072,2788108.4410646386,2919538679.29411
0.02189335886169288,0.021893536958916847,0.02196153183556497,0.02179878633917901,0.021902436110139877,238073209.01845017,2919638001.0433
0.02190269978965125,0.023644571315758388,0.02414631000950375,0.021857641468419824,0.022361410068280775,577724703.9425814,2980820136.3518553
0.02369645138320476,0.02313583393227698,0.024329559288123467,0.023090615648658518,0.023638398229592673,99.63280035524899,2183050899.9772153
0.02318452875346576,0.020142032879936603,0.023247311359318776,0.01985243578330401,0.021849648360162798,119.81688251014288,2014180427.9727092
0.02014958797232669,0.021496177624287127,0.02165327303743423,0.01986617262460278,0.02061806393039026,105.24684270798193,1900648474.8284862
